path,source,sha256,status
01_GWAS_QC_LDSC/01_01_gwas_inventory_audit.R,STEP1A_GWAS_inventory_audit.R,818e0684967f5af20b3ed181d6173c023845a1311e6d4546b613ee2439bdd9e2,curated_final
01_GWAS_QC_LDSC/01_02_hfpef_hermes_nested_audit.R,STEP1B0_HERMES_nested_audit_V2_FIXED.R,71dcb98c1fb4305a599d5a5096b0573fef4ac724603bb1bbb5035f804805991a,curated_final
01_GWAS_QC_LDSC/01_03_hfpef_extract_refprep.R,STEP1B_HFpEF_extract_and_refprep.R,2bbd200532e5d9fd1c51fd0206cf35ba2844185dec9b09b073ccc434f870902c,curated_final
01_GWAS_QC_LDSC/01_04_gwas_harmonization.R,STEP1C_GWAS_harmonization_V2_FIXED.R,d1a7128e498f811f2b5184d84a083cf9e9a119a178a78377fd1b53457aa9d711,curated_final
01_GWAS_QC_LDSC/01_06_ldsc_postprocess_numeric_tables.R,STEP1D_POSTPROCESS_V5_V2_FIXED.R,29ee8ce55888e431ec4bfb8fc2624a777e77db94829ade4345fb7948725c0861,curated_final
02_MR_MVMR/02_01_bidirectional_uvmr_mvmr.R,STEP3B_V2_MR_MVMR_22CHR_FIXED(1).R,06c4fd556bc23288c4ee4afa87b454081bb7a83fc9c2d4ae70a59e5aaaa61da5,curated_final
02_MR_MVMR/02_02_mvmr_strength_optimization_sensitivity.R,STEP3C_MVMR_STRENGTH_OPTIMIZATION(1).R,0286901de380b391a4059bf2383964a9938e2dfa72ce974b14a59e882693c5b3,curated_final
02_MR_MVMR/02_03_weak_instrument_robust_mvmr.R,STEP3D_QHET_WEAK_INSTRUMENT_ROBUST_MVMR_V2_FIXED.R,763cc34272eabc14a805f2af5e9eee3060fe3b96921be71cfb0ea012e5759fe9,curated_final
02_MR_MVMR/02_04_mr_submission_tables_and_qc.R,FINAL_MR_VISUALIZATION_AND_SUBMISSION_PACKAGE_V3_CORRECTED.R,7e806aa7e996c78bd9127d2f7235fe974276a741a7ca703a2dd237f39bd52ce5,curated_final
03_Pleiotropy_conjFDR_FUMA/03_01_conditional_qq_prep.R,STEP5A_pleioFDR_prep_condQQ_V2.R,ac0fa3a803acf6684ec303dcb7bbe7f9687505ace39315b87ea398724e1dd5a3,curated_final
03_Pleiotropy_conjFDR_FUMA/03_02_run_conjfdr_AF_HFpEF.R,STEP5B_OFFICIAL_pleioFDR_AF_HFpEF_V3.R,aac2e0b01185aace7890a8975ef3e58e71e44d9c023cf5d427dcd373a98032d7,curated_final
03_Pleiotropy_conjFDR_FUMA/03_03_run_conjfdr_AF_BMI.R,STEP5D2_PREP_BMI_OSA_RUN_NEXT_CONJFDR.R,4e032f93c48fd24df8d741bfac7d5f34b2ece0ca5afe5ce9647e90a346d05e8f,curated_final
03_Pleiotropy_conjFDR_FUMA/03_04_run_conjfdr_AF_OSA.R,STEP5D3_RUN_AF_OSA_CONJFDR.R,3b21effd51a38599f2837b976b4da799ffb3c71c7852ee728ec0f8bc305d0c1b,curated_final
03_Pleiotropy_conjFDR_FUMA/03_05_run_conjfdr_HFpEF_BMI.R,STEP5D4_RUN_HFpEF_BMI_CONJFDR.R,ac2fa169c8eb1684850b00bef726a2eb3965e7eb59514f0a43bc328c4743f152,curated_final
03_Pleiotropy_conjFDR_FUMA/03_06_run_conjfdr_BMI_OSA.R,STEP5D5_RUN_BMI_OSA_CONJFDR.R,9d24f76e95a05501bf97bc59c0d0bc01a599cab45b9c8c84a4d52badb7594566,curated_final
03_Pleiotropy_conjFDR_FUMA/03_07_run_conjfdr_HFpEF_OSA.R,STEP5D6_RUN_HFpEF_OSA_CONJFDR.R,2d906f00c7bec5bba17f262c9cd9796f2db38d2582a03129dc588d216976fa87,curated_final
03_Pleiotropy_conjFDR_FUMA/03_08_prepare_FUMA_6pairs.R,STEP6A_PREPARE_FUMA_6PAIRS_STANDARDIZED.R,5e9c2dbd88a55c29101748400022602d38b001b254b703b7a13a21ff9eb3e8d1,curated_final
03_Pleiotropy_conjFDR_FUMA/03_09_prepare_FUMA_predefined_leads.R,STEP6B_PREPARE_FUMA_PREDEFINED_LEADS_6PAIRS.R,312d7f15fc1b7fc4952f4a08445948a934c31179d534323f373548b08c035591,curated_final
04_LAVA/04_01_create_lava_project.R,STEP7A_CREATE_LAVA_FOLDERS.R,4d16ddf3b8ce2dbff2b78916c9d5fee4ea7124b2ae2ac5306edcc75fb87365d1,curated_final
04_LAVA/04_02_check_ukb_lava_reference.R,STEP7A2_CHECK_UKB_REFERENCE.R,f3885214ad12170b671479cf8ab8cc9ef2c2966087e64faa752f1f78e6445216,curated_final
04_LAVA/04_03_prepare_lava_inputs.R,STEP7B_V2_PREPARE_LAVA_INPUTS_FIXED.R,37af5649d289e2db5396f2080ba0f8803699ac5037bd4c96fdc4edc9606c6eb4,curated_final
04_LAVA/04_04_ldsc_overlap_and_process_input.R,STEP7B2_V4_STABLE_LDSC_OVERLAP_PROCESS_INPUT.R,34d80ba8a60e5565d22aa0a4e052fe5386ee66e4b021c5f500f4cd5a47135eb7,curated_final
04_LAVA/04_05_local_h2_screening.R,STEP7C_V2_RESUME_LOCAL_H2_SCREENING.R,9342f345eac2f49b8426e899702c092f90256b7e6b2f520cb03a6f148ad14028,curated_final
04_LAVA/04_06_bivariate_local_rg.R,STEP7D_RUN_BIVARIATE_LOCAL_RG(1).R,93e8842983f90e0f0e4916a786314d86905857ad287677acc547ee04006ce0d7,curated_final
04_LAVA/04_07_multivariate_conditional_lava.R,STEP7E_RUN_MULTIVARIATE_CONDITIONAL_LAVA.R,ba173f4b6bfb194f4410ccb0c6b7d889b4b029996ee2529993603a2260051c37,curated_final
05_Coloc_SuSiE_SMR_HEIDI/05_01_targeted_coloc_abf.R,STEP8A_V2_TARGETED_COLOC_ABF_FIXED.R,b7aa7b2cdc03adbaab5b86f015e083e057b7509df92874ecbd13bb7fe7c2b61a,curated_final
05_Coloc_SuSiE_SMR_HEIDI/05_02_coloc_prior_sensitivity.R,STEP8B_COLOC_PRIOR_SENSITIVITY.R,2a6422fdbad0a1da111a65a180008a5e5e3324b581b8953108e8b4036ad8e8a0,curated_final
05_Coloc_SuSiE_SMR_HEIDI/05_03_mismatch_aware_coloc_susie.R,STEP8C_V3_1000G_EUR_MISMATCH_AWARE_COLOC_SUSIE(1).R,553349b30d0fbd8e66415a8b9e261fcec6727db2998e31baf19522435161687a,curated_final
05_Coloc_SuSiE_SMR_HEIDI/05_04_susie_SER_reliability_audit.R,STEP8C_V4_1_SER_RELIABILITY_AUDIT_FIXED.R,363aa249c7285582ca7d8c19a9999d574ad44f58c822e633e9d6ea6888a23f32,curated_final
05_Coloc_SuSiE_SMR_HEIDI/05_05_prepare_smr_gwas_gtex.R,STEP9A_V3_PREPARE_SMR_GWAS_GTEX_QC_FIXED.R,7575ebb5bb40f11e6ec8c6f033d3e4de2db2668da74524365ac69dcafce2660e,curated_final
05_Coloc_SuSiE_SMR_HEIDI/05_06_run_eqtl_smr_heidi.R,STEP9B_V2_RUN_32_SMR_HEIDI_GTEX_LITE_FIXED.R,d6c44b3f2c350623135b37da57bc10473aa4268c4bd0e5ec6b9ad8db354292e9,curated_final
05_Coloc_SuSiE_SMR_HEIDI/05_07_osa_ma_byte_safe_repair_and_resume.R,STEP9B_V4_BYTE_SAFE_REPAIR_OSA_AND_RESUME.R,583c563f021533199fc86d8f39c0b28d2983b5c769ce66e308809e3634588ee0,curated_final
05_Coloc_SuSiE_SMR_HEIDI/05_08_target_region_zero_probe_audit.R,STEP9C1_V3_ZERO_PROBE_SAFE_4_REGION_AUDIT.R,fb8f90e64c5c0d02c8344d785c83d09cfeda259b62bf00ca0c1fcf18241f5901,curated_final
05_Coloc_SuSiE_SMR_HEIDI/05_09_fullgenome_sqtl_smr_heidi.R,STEP9C2_V3_FULLGENOME_GTEX_SQTL_SMR_HEIDI(1).R,55855cbf60e5fb10bb3607a031fa790ef781c89fd9d597065b4f3e9290cba1b6,curated_final
06_Multilayer_Locus_Integration/06_01_multilayer_genetic_integration.R,STEP10A_FINAL_multi_layer_integration.R,4f8ee448302fdde5c3c33044c577b6be216dae9bae2c65287a72848af6911204,curated_final
06_Multilayer_Locus_Integration/06_02_gene_prioritization.R,STEP10B_V2_FINAL_gene_prioritization.R,554491bcd2abef6407480ef2d64669de35995b9f15bd5efd7e1b26ea41caf692,curated_final
06_Multilayer_Locus_Integration/06_03_locus_centric_integration_final.R,STEP10B_V3_2_FINAL_LOCUS_CENTRIC_INTEGRATION.R,7535f083c4b62d71008675261763ac7834579746c398897a7f8d7e5015bb7bfc,curated_final
06_Multilayer_Locus_Integration/06_04_secondary_AF_BMI_16p11_coloc_susie.R,STEP10B_V4_SECONDARY_AF_BMI_16P11_COLOC_SUSIE_FIXED_V9.R,4819553ab5761e67bb60705a5ff992671cf65033ced2a05aead1181790f5a1f5,curated_final
07_GSE238242_SLDSC_SCAVENGE/07_01_GSE238242_local_audit.R,STEP11A_GSE238242_LOCAL_AUDIT.R,893087bf83a4f52b97c1306553036e67ba130197504a5022a03c454fa3f3fd7f,curated_final
07_GSE238242_SLDSC_SCAVENGE/07_02_atac_celltype_aggregation.R,STEP11B_GSE238242_ATAC_CELLTYPE_AGGREGATION_V2.R,9674c9d182b173c5ce0f05d65545c70defa9b83e9e9c0bbfd83b95efdb6777df,curated_final
07_GSE238242_SLDSC_SCAVENGE/07_03_atac_annotation_GRCh38.R,STEP11C_GSE238242_ATAC_ANNOTATION_GRCh38.R,93c94c4f4ea09fad019c086a7882e4b421c75170cbe150bc5998525dd0ea9475,curated_final
07_GSE238242_SLDSC_SCAVENGE/07_04_liftover_GRCh38_to_hg19.R,STEP11D_GSE238242_LIFTOVER_GRCh38_TO_hg19_FINAL.R,3c04820111ef65dfba085ad98a5398a0277398cfe9178cfe689663aeba9e65b4,curated_final
07_GSE238242_SLDSC_SCAVENGE/07_05_build_ldsc_annotations_and_scores.R,STEP11E_GSE238242_BUILD_LDSC_ANNOT_AND_LDSCORES.R,fef648cf7e625ea036de36826f4a1449004166578d32c32afbd2b7c2ffd844bc,curated_final
07_GSE238242_SLDSC_SCAVENGE/07_06_AF_primary_SLDSC_h2cts.R,STEP11F_FIX_V6_PATCH_PANDAS_AND_RUN_AF_H2CTS(1).R,0b4531b70ffd2dca71e276e488b1a3893f287b12c7353b6116765c35f79827db,curated_final
07_GSE238242_SLDSC_SCAVENGE/07_07_AF_SCAVENGE_finemap_prep.R,STEP11G1_AF_SCAVENGE_FINEMAP_PREP(1).R,7754b3b356d3f30e2082a3225bf5a33c6d230b2c4ddfb1fc814505a7325cd6eb,curated_final
07_GSE238242_SLDSC_SCAVENGE/07_08_AF_LDetect_blocks_build_QC.R,STEP11G2A_V4_AUTO_GUNZIP_CHAIN_AND_BUILD_QC(1).R,1dd59379afa754b00fba66456cc44f2532debab1cb45b7de46dbdee37fdd1db8,curated_final
07_GSE238242_SLDSC_SCAVENGE/07_09_AF_SuSiE_finemap_to_PIP.R,STEP11G2B_AF_SUSIE_LOWRANK_FINEMAP_TO_PIP(1).R,be28719dcbbddef8667e6698273e013d5d42d4ac536734839cf209d15ce14933,curated_final
07_GSE238242_SLDSC_SCAVENGE/07_10_AF_PIP_to_gchromVAR_seeds.R,STEP11G3A_V2_FIX_WEIGHT_ASSAY_AF_PIP_TO_GCHROMVAR_SEEDS(1).R,56cb7b4004f832e8a44daf69d63f4b4347191aebd1b45395fc5783b658f83694,curated_final
07_GSE238242_SLDSC_SCAVENGE/07_11_SCAVENGE_network_TRS_1000perm.R,STEP11G3B_V3_OFFICIAL_EQUIVALENT_SCAVENGE_1000PERM(1).R,897160500c33ea928c3a369946018f666eafea47c4ebbadae657e96d13482d91,curated_final
07_GSE238242_SLDSC_SCAVENGE/07_12_low_reference_match_sensitivity.R,STEP11G4A_V2_FIX_HITS_NAMESPACE_SENSITIVITY(1).R,a6b7c5e509ae99b8665ea45a1c7368b681ec5bd8ad4e2d2aaedb3c197fa0e056,curated_final
07_GSE238242_SLDSC_SCAVENGE/07_13_CM_internal_TRS_chromatin_pseudobulk.R,STEP11G4B_CM_INTERNAL_TRS_CHROMATIN_PSEUDOBULK(1).R,7f6abe7de10831cfab3daeb699f859ecffa399d66f5f0bbfda6770b498742f9f,curated_final
07_GSE238242_SLDSC_SCAVENGE/07_14_CM_motif_TF_integration.R,STEP11G4C_V2_FIX_DATA_TABLE_ORDERING(1).R,319ce238414c3de05c3b0e0f76f0f74031d95d7c1371f385da58687e2633bab0,curated_final
08_Disease_Tissue_Validation/08_01_GSE255612_patient_celltype_pseudobulk.R,STEP12A_GSE255612_AUDIT_AND_PATIENT_CELLTYPE_PSEUDOBULK(1).R,229f2b20c7366460ae214ccadb95036236d6eca9257c6394c604d7b9d8fd620b,curated_final_patched_median_type
08_Disease_Tissue_Validation/08_02_GSE255612_AF_vs_CTRL_pseudobulk_DE.R,STEP12B_V2_FIX_LIMMA_MDS_GSE255612_PATIENT_LEVEL_DE(1).R,887895bd27abf526bf0903e63123f47166d008751eabc88b7ed3f0abc3bccedb,curated_final
08_Disease_Tissue_Validation/08_03_frozen_genetics_x_AF_CM_validation.R,STEP12C_V2_FIX_QC_INDEX_FROZEN_GENETICS_x_GSE255612_CM.R,6d1a270f7411644982246b063621d3cfa844e0b447579e6aacb1ac2445c4dc88,curated_final
08_Disease_Tissue_Validation/08_04_SCP3342_HFpEF_audit_metadata_lock.R,STEP13A_V3_FIX_AUTHOR_CELLTYPE_HFPEF_H5AD_AUDIT.R,553f9f0e808d2072a9101b5ddee4a1e29280c3d977c8e5ba1abf59ca2dc4d57c,curated_final
08_Disease_Tissue_Validation/08_05_SCP3342_HFpEF_CM_pseudobulk_DE.R,STEP13B_V2_FIX_CONDITION_SCP3342_HFPEF_CM_PSEUDOBULK.R,55f71b441cb49f4fdaabb60589374f93e6842c1f917ace51ca6528fe09385a39,curated_final
08_Disease_Tissue_Validation/08_06_AF_HFpEF_CM_cross_disease_integration.R,STEP13C_V2_FIX_PERMUTATION_NULL_AF_FDR.R,cd1d386710c5d6901b255378cc3f2aba7591ebe980fd588f64e57dce2be5801d,curated_final_merged_V2_V3
