order,script,role
1,01_GWAS_QC_LDSC/01_01_gwas_inventory_audit.R,analysis
2,01_GWAS_QC_LDSC/01_02_hfpef_hermes_nested_audit.R,analysis
3,01_GWAS_QC_LDSC/01_03_hfpef_extract_refprep.R,analysis
4,01_GWAS_QC_LDSC/01_04_gwas_harmonization.R,analysis
5,01_GWAS_QC_LDSC/01_05_run_ldsc_h2_rg.R,analysis
6,01_GWAS_QC_LDSC/01_06_ldsc_postprocess_numeric_tables.R,analysis
7,02_MR_MVMR/02_01_bidirectional_uvmr_mvmr.R,analysis
8,02_MR_MVMR/02_02_mvmr_strength_optimization_sensitivity.R,analysis
9,02_MR_MVMR/02_03_weak_instrument_robust_mvmr.R,analysis
10,02_MR_MVMR/02_04_mr_submission_tables_and_qc.R,analysis
11,03_Pleiotropy_conjFDR_FUMA/03_00_prepare_full_GWAS_standardized_inputs.R,analysis
12,03_Pleiotropy_conjFDR_FUMA/03_01_conditional_qq_prep.R,analysis
13,03_Pleiotropy_conjFDR_FUMA/03_02_run_conjfdr_AF_HFpEF.R,analysis
14,03_Pleiotropy_conjFDR_FUMA/03_03_run_conjfdr_AF_BMI.R,analysis
15,03_Pleiotropy_conjFDR_FUMA/03_04_run_conjfdr_AF_OSA.R,analysis
16,03_Pleiotropy_conjFDR_FUMA/03_05_run_conjfdr_HFpEF_BMI.R,analysis
17,03_Pleiotropy_conjFDR_FUMA/03_06_run_conjfdr_BMI_OSA.R,analysis
18,03_Pleiotropy_conjFDR_FUMA/03_07_run_conjfdr_HFpEF_OSA.R,analysis
19,03_Pleiotropy_conjFDR_FUMA/03_08_prepare_FUMA_6pairs.R,analysis
20,03_Pleiotropy_conjFDR_FUMA/03_09_prepare_FUMA_predefined_leads.R,analysis
21,04_LAVA/04_01_create_lava_project.R,analysis
22,04_LAVA/04_02_check_ukb_lava_reference.R,analysis
23,04_LAVA/04_03_prepare_lava_inputs.R,analysis
24,04_LAVA/04_04_ldsc_overlap_and_process_input.R,analysis
25,04_LAVA/04_05_local_h2_screening.R,analysis
26,04_LAVA/04_06_bivariate_local_rg.R,analysis
27,04_LAVA/04_07_multivariate_conditional_lava.R,analysis
28,05_Coloc_SuSiE_SMR_HEIDI/05_01_targeted_coloc_abf.R,analysis
29,05_Coloc_SuSiE_SMR_HEIDI/05_02_coloc_prior_sensitivity.R,analysis
30,05_Coloc_SuSiE_SMR_HEIDI/05_03_mismatch_aware_coloc_susie.R,analysis
31,05_Coloc_SuSiE_SMR_HEIDI/05_04_susie_SER_reliability_audit.R,analysis
32,05_Coloc_SuSiE_SMR_HEIDI/05_05_prepare_smr_gwas_gtex.R,analysis
33,05_Coloc_SuSiE_SMR_HEIDI/05_06_run_eqtl_smr_heidi.R,analysis
34,05_Coloc_SuSiE_SMR_HEIDI/05_07_osa_ma_byte_safe_repair_and_resume.R,analysis
35,05_Coloc_SuSiE_SMR_HEIDI/05_08_target_region_zero_probe_audit.R,analysis
36,05_Coloc_SuSiE_SMR_HEIDI/05_09_fullgenome_sqtl_smr_heidi.R,analysis
37,06_Multilayer_Locus_Integration/06_01_multilayer_genetic_integration.R,analysis
38,06_Multilayer_Locus_Integration/06_02_gene_prioritization.R,analysis
39,06_Multilayer_Locus_Integration/06_03_locus_centric_integration_final.R,analysis
40,06_Multilayer_Locus_Integration/06_04_secondary_AF_BMI_16p11_coloc_susie.R,analysis
41,07_GSE238242_SLDSC_SCAVENGE/07_01_GSE238242_local_audit.R,analysis
42,07_GSE238242_SLDSC_SCAVENGE/07_02_atac_celltype_aggregation.R,analysis
43,07_GSE238242_SLDSC_SCAVENGE/07_03_atac_annotation_GRCh38.R,analysis
44,07_GSE238242_SLDSC_SCAVENGE/07_04_liftover_GRCh38_to_hg19.R,analysis
45,07_GSE238242_SLDSC_SCAVENGE/07_05_build_ldsc_annotations_and_scores.R,analysis
46,07_GSE238242_SLDSC_SCAVENGE/07_06_AF_primary_SLDSC_h2cts.R,analysis
47,07_GSE238242_SLDSC_SCAVENGE/07_07_AF_SCAVENGE_finemap_prep.R,analysis
48,07_GSE238242_SLDSC_SCAVENGE/07_08_AF_LDetect_blocks_build_QC.R,analysis
49,07_GSE238242_SLDSC_SCAVENGE/07_09_AF_SuSiE_finemap_to_PIP.R,analysis
50,07_GSE238242_SLDSC_SCAVENGE/07_10_AF_PIP_to_gchromVAR_seeds.R,analysis
51,07_GSE238242_SLDSC_SCAVENGE/07_11_SCAVENGE_network_TRS_1000perm.R,analysis
52,07_GSE238242_SLDSC_SCAVENGE/07_12_low_reference_match_sensitivity.R,analysis
53,07_GSE238242_SLDSC_SCAVENGE/07_13_CM_internal_TRS_chromatin_pseudobulk.R,analysis
54,07_GSE238242_SLDSC_SCAVENGE/07_14_CM_motif_TF_integration.R,analysis
55,08_Disease_Tissue_Validation/08_01_GSE255612_patient_celltype_pseudobulk.R,analysis
56,08_Disease_Tissue_Validation/08_02_GSE255612_AF_vs_CTRL_pseudobulk_DE.R,analysis
57,08_Disease_Tissue_Validation/08_03_frozen_genetics_x_AF_CM_validation.R,analysis
58,08_Disease_Tissue_Validation/08_04_SCP3342_HFpEF_audit_metadata_lock.R,analysis
59,08_Disease_Tissue_Validation/08_05_SCP3342_HFpEF_CM_pseudobulk_DE.R,analysis
60,08_Disease_Tissue_Validation/08_06_AF_HFpEF_CM_cross_disease_integration.R,analysis
61,09_Figures/09_reproduce_main_figures.R,figure reproduction
62,09_Figures/09_01_Figure1a_workflow_schematic.R,conceptual schematic
63,09_Figures/09_02_Figure6e_integrated_interpretation.R,conceptual schematic
